episode,level,total_reward,steps_taken,treasures_collected,final_score,lives_remaining,epsilon,duration_sec,avg_reward_100,avg_treasures_100,walls_hit,explored_cells,hint_accuracy
1,medium,292.98,97,2,35,0,0.784426,2.52,292.98,2.0,30,16,45.36
2,medium,144.45,56,1,-10,0,0.681827,1.39,218.72,1.5,19,19,41.07
3,medium,302.78,42,2,30,0,0.613785,0.9,246.74,1.67,8,21,57.14
4,medium,313.64,69,2,55,0,0.516424,1.35,263.46,1.75,21,18,62.32
5,medium,594.64,207,3,95,0,0.307594,3.89,329.7,2.0,79,34,62.32
6,medium,796.08,381,3,65,0,0.118521,6.82,407.43,2.17,71,38,56.43
7,medium,584.65,166,3,105,0,0.078223,3.26,432.75,2.29,23,33,54.22
8,medium,469.85,194,2,65,0,0.048133,4.59,437.39,2.25,13,14,52.06
9,medium,1100.89,184,5,260,1,0.030368,4.04,511.11,2.56,10,61,63.04
10,medium,489.61,74,3,85,0,0.03,1.77,508.96,2.6,5,25,60.81
11,medium,372.27,193,2,50,0,0.03,4.53,496.53,2.55,91,23,55.96
12,medium,701.54,144,4,95,0,0.03,3.12,513.62,2.67,10,29,59.72
13,medium,974.11,147,5,240,1,0.03,3.66,549.04,2.85,21,41,68.03
14,medium,497.28,75,3,70,0,0.03,1.77,545.34,2.86,15,27,66.67
15,medium,546.07,85,3,95,0,0.03,1.95,545.39,2.87,19,32,72.94
16,medium,496.41,156,3,80,0,0.03,3.45,542.33,2.88,99,22,83.97
17,medium,1049.54,112,5,275,5,0.03,2.6,572.17,3.0,22,45,72.32
18,medium,537.09,64,3,95,0,0.03,1.64,570.22,3.0,8,33,70.31
19,medium,1019.09,83,5,310,5,0.03,1.78,593.84,3.11,7,45,75.9
20,medium,1039.13,152,5,275,1,0.03,4.23,616.11,3.2,20,50,61.84
21,medium,1019.65,118,5,265,1,0.03,3.44,635.32,3.29,14,56,72.03
22,medium,1002.93,108,5,260,2,0.03,2.85,652.03,3.36,8,59,73.15
23,medium,428.43,41,3,80,0,0.03,1.06,642.31,3.35,8,18,75.61
24,medium,559.35,200,3,85,0,0.03,5.6,638.85,3.33,67,31,57.0
25,medium,1038.22,126,5,295,3,0.03,3.04,654.83,3.4,24,56,73.81
26,medium,986.14,103,5,245,2,0.03,2.7,667.57,3.46,9,54,71.84
27,medium,987.6,80,5,260,2,0.03,1.97,679.42,3.52,4,43,77.5
28,medium,545.32,65,3,65,0,0.03,1.54,674.63,3.5,6,34,70.77
29,medium,524.3,65,3,50,0,0.03,1.45,669.45,3.48,11,31,61.54
30,medium,503.53,149,3,70,0,0.03,3.39,663.92,3.47,65,22,70.47
31,medium,545.03,47,3,80,0,0.03,1.27,660.08,3.45,3,31,74.47
32,medium,615.7,222,3,50,0,0.03,4.84,658.7,3.44,56,28,62.16
33,medium,520.91,67,3,70,0,0.03,1.64,654.52,3.42,6,29,67.16
34,medium,546.51,95,3,65,0,0.03,2.42,651.35,3.41,6,29,61.05
35,medium,665.97,198,3,10,0,0.03,4.58,651.76,3.4,45,55,59.09
36,medium,513.08,77,3,100,0,0.03,1.68,647.91,3.39,12,33,58.44
37,medium,281.82,27,2,55,0,0.03,0.62,638.02,3.35,1,12,59.26
38,medium,1070.83,108,5,255,4,0.03,2.65,649.41,3.39,8,47,69.44
39,medium,504.26,67,3,90,0,0.03,1.77,645.68,3.38,8,25,64.18
40,medium,665.51,65,4,100,0,0.03,1.55,646.18,3.4,9,38,75.38
41,medium,417.56,29,3,80,0,0.03,0.61,640.6,3.39,5,17,79.31
42,medium,814.46,86,5,165,0,0.03,2.35,644.74,3.43,19,35,74.42
43,medium,565.88,129,3,75,0,0.03,5.35,642.91,3.42,17,31,51.94
44,medium,515.61,72,3,85,0,0.03,3.2,640.02,3.41,10,33,65.28
45,medium,436.36,30,3,95,0,0.03,0.97,635.49,3.4,3,15,70.0
46,medium,950.5,101,5,230,1,0.03,3.69,642.34,3.43,19,49,78.22
47,medium,979.99,124,5,255,1,0.03,4.56,649.52,3.47,16,43,68.55
48,medium,1023.43,94,5,255,2,0.03,2.68,657.31,3.5,8,52,74.47
49,medium,540.07,70,3,80,0,0.03,1.5,654.92,3.49,6,33,60.0
50,medium,496.23,61,3,85,0,0.03,1.33,651.75,3.48,0,22,62.3
51,medium,669.71,136,4,80,0,0.03,3.02,652.1,3.49,28,36,58.09
52,medium,764.73,40,5,160,0,0.03,0.88,654.26,3.52,5,26,95.0
53,medium,254.73,21,2,50,0,0.03,0.56,646.73,3.49,4,8,80.95
54,medium,1148.87,178,5,240,4,0.03,3.19,656.02,3.52,10,55,62.92
55,medium,1066.3,152,5,245,3,0.03,3.38,663.48,3.55,16,60,63.16
56,medium,1033.43,126,5,245,1,0.03,2.74,670.09,3.57,14,64,64.29
57,medium,621.67,123,3,70,0,0.03,2.66,669.24,3.56,17,40,61.79
58,medium,503.41,63,3,80,0,0.03,1.45,666.38,3.55,11,31,69.84
59,medium,994.55,109,5,265,2,0.03,2.78,671.94,3.58,19,53,67.89
60,medium,847.84,115,5,140,0,0.03,2.46,674.88,3.6,24,43,72.17
61,medium,1006.82,151,5,215,1,0.03,4.83,680.32,3.62,23,59,59.6
62,medium,-44.6,177,0,-60,0,0.03,5.73,668.63,3.56,110,16,32.2
63,medium,524.4,83,3,65,0,0.03,2.05,666.34,3.56,13,29,55.42
64,medium,264.66,19,2,55,0,0.03,0.68,660.06,3.53,0,9,68.42
65,medium,1067.96,126,5,255,3,0.03,3.51,666.34,3.55,8,46,65.87
66,medium,1062.73,135,5,240,4,0.03,3.87,672.34,3.58,13,54,66.67
67,medium,1046.67,111,5,245,2,0.03,3.78,677.93,3.6,5,52,70.27
68,medium,1084.43,100,5,240,4,0.03,3.55,683.91,3.62,6,57,75.0
69,medium,435.57,48,3,70,0,0.03,1.32,680.31,3.61,7,19,56.25
70,medium,477.05,65,3,65,0,0.03,1.4,677.4,3.6,21,29,69.23
71,medium,959.82,157,5,140,0,0.03,3.97,681.38,3.62,9,55,61.78
72,medium,1054.72,92,5,265,2,0.03,3.24,686.57,3.64,8,56,72.83
73,medium,996.73,109,5,245,3,0.03,2.81,690.82,3.66,21,49,72.48
74,medium,493.74,64,3,100,0,0.03,1.54,688.15,3.65,3,22,62.5
75,medium,558.81,102,3,60,0,0.03,2.67,686.43,3.64,12,34,57.84
76,medium,1122.69,111,5,290,5,0.03,2.57,692.17,3.66,5,50,71.17
77,medium,1062.67,128,5,265,3,0.03,3.0,696.98,3.68,18,55,63.28
78,medium,1022.06,109,5,230,1,0.03,2.67,701.15,3.69,7,52,68.81
79,medium,1027.75,99,5,255,3,0.03,2.49,705.28,3.71,11,51,77.78
80,medium,1065.07,95,5,275,3,0.03,2.71,709.78,3.73,7,54,71.58
81,medium,1058.59,113,5,265,4,0.03,3.28,714.08,3.74,15,52,67.26
82,medium,923.27,109,5,125,0,0.03,3.28,716.64,3.76,8,58,66.97
83,medium,1013.15,93,5,260,3,0.03,2.1,720.21,3.77,7,48,73.12
84,medium,891.63,104,5,155,0,0.03,2.45,722.25,3.79,8,45,67.31
85,medium,1033.37,98,5,245,2,0.03,2.56,725.91,3.8,2,44,72.45
86,medium,1053.13,81,5,250,3,0.03,2.32,729.71,3.81,1,47,77.78
87,medium,911.89,129,5,130,0,0.03,2.46,731.81,3.83,20,52,59.69
88,medium,1033.9,104,5,230,2,0.03,3.08,735.24,3.84,4,52,71.15
89,medium,1075.42,90,5,255,4,0.03,2.84,739.06,3.85,6,55,72.22
90,medium,428.04,42,3,85,0,0.03,1.3,735.61,3.84,5,17,61.9
91,medium,1019.26,84,5,255,2,0.03,2.0,738.72,3.86,2,45,78.57
92,medium,1050.09,102,5,240,3,0.03,2.26,742.11,3.87,4,54,70.59
93,medium,544.44,95,3,35,0,0.03,2.45,739.98,3.86,21,35,65.26
94,medium,1010.95,91,5,275,3,0.03,2.26,742.87,3.87,15,53,76.92
95,medium,419.23,19,3,100,0,0.03,0.4,739.46,3.86,0,14,89.47
96,medium,962.7,178,5,215,3,0.03,3.9,741.78,3.88,74,56,42.13
97,medium,1008.18,123,5,260,4,0.03,2.95,744.53,3.89,33,54,54.47
98,medium,1048.54,117,5,250,4,0.03,2.66,747.63,3.9,19,50,61.54
99,medium,423.31,190,3,70,0,0.03,4.11,744.36,3.89,92,19,39.47
100,medium,1057.37,117,5,300,3,0.03,2.82,747.49,3.9,15,63,61.54
101,medium,1007.36,93,5,240,3,0.03,2.13,754.63,3.93,19,46,73.12
102,medium,1022.0,90,5,270,3,0.03,2.08,763.41,3.97,8,45,76.67
103,medium,1067.19,105,5,260,2,0.03,2.39,771.05,4.0,7,59,67.62
104,medium,922.2,114,5,140,0,0.03,2.88,777.14,4.03,14,56,68.42
105,medium,915.79,105,5,140,0,0.03,3.19,780.35,4.05,8,50,62.86
106,medium,1040.33,86,5,235,1,0.03,2.08,782.79,4.07,2,48,75.58
107,medium,1116.12,129,5,280,4,0.03,2.99,788.11,4.09,7,54,66.67
108,medium,1084.12,102,5,260,4,0.03,2.13,794.25,4.12,6,56,70.59
109,medium,1012.48,86,5,245,3,0.03,2.1,793.36,4.12,6,45,79.07
110,medium,923.0,114,5,140,0,0.03,2.65,797.7,4.14,8,54,65.79
111,medium,559.75,69,3,55,0,0.03,1.67,799.57,4.15,5,35,62.32
112,medium,1048.25,93,5,275,2,0.03,2.49,803.04,4.16,5,55,70.97
113,medium,1096.45,135,5,220,1,0.03,3.94,804.26,4.16,5,59,65.19
114,medium,1066.84,104,5,280,4,0.03,3.95,809.96,4.18,10,58,67.31
115,medium,1067.95,99,5,240,5,0.03,2.4,815.18,4.2,5,56,70.71
116,medium,523.84,67,3,55,0,0.03,1.66,815.45,4.2,10,34,71.64
117,medium,967.62,90,5,265,2,0.03,2.31,814.63,4.2,14,46,76.67
118,medium,468.74,39,3,90,0,0.03,1.05,813.95,4.2,1,20,66.67
119,medium,1069.47,94,5,255,4,0.03,2.04,814.45,4.2,6,56,74.47
120,medium,1040.69,93,5,285,3,0.03,1.88,814.47,4.2,5,59,72.04
121,medium,1044.17,105,5,260,2,0.03,2.72,814.71,4.2,11,50,66.67
122,medium,495.34,45,3,45,0,0.03,1.31,809.64,4.18,0,28,73.33
123,medium,513.79,54,3,65,0,0.03,1.44,810.49,4.18,4,26,68.52
124,medium,1138.88,137,5,290,7,0.03,2.71,816.29,4.2,7,60,64.96
125,medium,1107.43,181,5,265,4,0.03,4.32,816.98,4.2,27,58,59.12
126,medium,1020.48,112,5,225,1,0.03,2.75,817.32,4.2,14,57,74.11
127,medium,1077.86,100,5,260,4,0.03,1.97,818.22,4.2,10,57,73.0
128,medium,1080.49,115,5,295,4,0.03,2.8,823.58,4.22,5,56,68.7
129,medium,1096.68,96,5,270,5,0.03,2.21,829.3,4.24,2,53,72.92
130,medium,843.67,83,5,125,0,0.03,2.11,832.7,4.26,6,42,73.49
131,medium,1059.72,108,5,240,4,0.03,2.37,837.85,4.28,4,54,71.3
132,medium,1090.54,88,5,275,6,0.03,2.2,842.6,4.3,4,55,73.86
133,medium,1018.75,84,5,220,1,0.03,2.05,847.58,4.32,2,48,76.19
134,medium,998.3,100,5,225,1,0.03,2.08,852.09,4.34,10,51,68.0
135,medium,1027.09,142,5,245,3,0.03,3.35,855.7,4.36,10,58,64.08
136,medium,1021.18,95,5,235,2,0.03,2.26,860.79,4.38,5,53,71.58
137,medium,1090.79,98,5,255,6,0.03,2.93,868.87,4.41,4,55,72.45
138,medium,1063.16,94,5,255,3,0.03,2.59,868.8,4.41,6,57,73.4
139,medium,1006.03,105,5,225,2,0.03,3.41,873.82,4.43,9,53,70.48
140,medium,1077.21,106,5,280,3,0.03,2.46,877.93,4.44,8,61,70.75
141,medium,1065.99,92,5,260,6,0.03,1.94,884.42,4.46,4,49,73.91
142,medium,1109.3,110,5,260,3,0.03,3.24,887.37,4.46,4,59,71.82
143,medium,1083.79,132,5,265,3,0.03,3.23,892.54,4.48,8,62,66.67
144,medium,1125.92,115,5,275,5,0.03,2.44,898.65,4.5,5,58,67.83
145,medium,1014.6,122,5,230,1,0.03,2.86,904.43,4.52,28,56,77.05
146,medium,487.55,40,3,95,0,0.03,1.06,899.8,4.5,0,24,67.5
147,medium,1026.58,105,5,235,1,0.03,2.72,900.27,4.5,7,54,69.52
148,medium,914.75,103,5,125,0,0.03,2.15,899.18,4.5,7,54,66.99
149,medium,937.8,113,5,110,0,0.03,2.6,903.16,4.52,11,59,66.37
150,medium,1110.75,99,5,290,6,0.03,2.3,909.3,4.54,5,50,72.73
151,medium,510.08,49,3,80,0,0.03,1.51,907.71,4.53,5,26,73.47
152,medium,1108.61,135,5,280,5,0.03,2.79,911.14,4.53,9,61,63.7
153,medium,1116.75,100,5,275,6,0.03,2.27,919.76,4.56,2,55,72.0
154,medium,355.99,34,2,15,0,0.03,0.86,911.84,4.53,2,22,61.76
155,medium,726.54,110,4,100,0,0.03,3.01,908.44,4.52,21,39,68.18
156,medium,1071.97,109,5,250,1,0.03,2.4,908.82,4.52,7,65,69.72
157,medium,1064.32,82,5,280,4,0.03,1.72,913.25,4.54,2,51,78.05
158,medium,912.17,237,5,125,0,0.03,5.68,917.34,4.56,52,67,51.05
159,medium,1048.51,107,5,255,3,0.03,2.84,917.88,4.56,9,49,70.09
160,medium,1141.26,171,5,250,2,0.03,5.08,920.81,4.56,9,68,61.99
161,medium,1036.73,107,5,265,3,0.03,3.59,921.11,4.56,3,55,70.09
162,medium,540.53,51,3,100,0,0.03,2.17,926.96,4.59,1,30,72.55
163,medium,1090.67,101,5,255,4,0.03,2.57,932.62,4.61,3,55,71.29
164,medium,1049.8,87,5,270,6,0.03,2.11,940.48,4.64,3,45,75.86
165,medium,1060.77,111,5,260,3,0.03,3.2,940.4,4.64,9,62,67.57
166,medium,1092.46,88,5,280,5,0.03,2.65,940.7,4.64,8,56,72.73
167,medium,1052.97,101,5,240,1,0.03,2.46,940.76,4.64,7,58,69.31
168,medium,539.48,51,3,100,0,0.03,1.59,935.32,4.62,2,32,72.55
169,medium,1072.69,99,5,260,4,0.03,2.34,941.69,4.64,11,56,75.76
170,medium,1090.71,173,5,255,4,0.03,4.39,947.82,4.66,19,62,58.38
171,medium,536.81,55,3,50,0,0.03,1.38,943.59,4.64,1,35,70.91
172,medium,1010.46,411,5,100,0,0.03,9.9,943.15,4.64,60,87,52.07
173,medium,536.42,52,3,75,0,0.03,1.04,938.55,4.62,8,31,78.85
174,medium,482.24,42,3,65,0,0.03,0.93,938.43,4.62,3,28,78.57
175,medium,1022.77,89,5,290,1,0.03,2.2,943.07,4.64,7,52,73.03
176,medium,1068.22,96,5,260,2,0.03,2.72,942.53,4.64,6,55,71.88
177,medium,1037.91,167,5,250,2,0.03,3.76,942.28,4.64,21,65,59.28
178,medium,1099.36,90,5,290,5,0.03,2.0,943.05,4.64,4,52,74.44
179,medium,1024.0,110,5,250,2,0.03,2.93,943.01,4.64,4,53,69.09
180,medium,973.77,166,5,295,2,0.03,4.14,942.1,4.64,80,50,57.23
181,medium,1007.9,127,5,265,1,0.03,5.55,941.6,4.64,19,57,66.93
182,medium,886.92,78,5,150,0,0.03,3.15,941.23,4.64,2,49,74.36
183,medium,1075.7,94,5,280,5,0.03,3.22,941.86,4.64,6,46,72.34
184,medium,1061.5,96,5,270,3,0.03,2.49,943.56,4.64,6,53,70.83
185,medium,1056.04,130,5,240,3,0.03,4.1,943.78,4.64,4,56,66.92
186,medium,983.4,99,5,275,1,0.03,2.23,943.09,4.64,17,58,67.68
187,medium,1042.84,103,5,270,3,0.03,2.35,944.39,4.64,7,53,71.84
188,medium,1078.61,89,5,260,5,0.03,2.29,944.84,4.64,1,47,75.28
189,medium,1041.42,86,5,245,3,0.03,2.88,944.5,4.64,4,48,76.74
190,medium,1011.82,113,5,205,1,0.03,2.42,950.34,4.66,9,56,67.26
191,medium,715.7,71,4,60,0,0.03,1.66,947.3,4.65,4,35,73.24
192,medium,1037.37,111,5,250,1,0.03,2.67,947.18,4.65,11,54,66.67
193,medium,726.36,64,4,115,0,0.03,1.92,949.0,4.66,3,37,71.88
194,medium,1057.52,85,5,275,4,0.03,2.25,949.46,4.66,7,55,75.29
195,medium,500.95,43,3,85,0,0.03,0.98,950.28,4.66,0,30,69.77
196,medium,1094.72,117,5,240,3,0.03,3.16,951.6,4.66,5,56,67.52
197,medium,1067.53,101,5,260,5,0.03,2.47,952.19,4.66,9,51,69.31
198,medium,990.47,84,5,245,1,0.03,1.83,951.61,4.66,6,50,76.19
199,medium,1022.92,94,5,285,3,0.03,2.35,957.61,4.68,12,51,68.09
200,medium,1038.71,68,5,255,3,0.03,1.7,957.42,4.68,0,41,83.82
201,medium,1063.87,93,5,275,5,0.03,2.18,957.99,4.68,3,47,73.12
202,medium,437.24,22,3,105,0,0.03,0.52,952.14,4.66,0,17,81.82
203,medium,1073.35,105,5,240,2,0.03,1.98,952.2,4.66,5,59,71.43
204,medium,858.73,76,5,150,0,0.03,2.54,951.57,4.66,5,40,76.32
205,medium,994.46,113,5,250,2,0.03,3.41,952.35,4.66,13,57,64.6
206,medium,1094.8,94,5,275,5,0.03,2.86,952.9,4.66,8,55,75.53
207,medium,1052.65,78,5,275,4,0.03,2.12,952.26,4.66,4,51,80.77
208,medium,888.05,87,5,135,0,0.03,2.1,950.3,4.66,4,51,72.41
209,medium,888.63,86,5,155,0,0.03,2.1,949.06,4.66,17,46,75.58
210,medium,1019.09,82,5,245,3,0.03,1.86,950.02,4.66,6,43,78.05
211,medium,991.78,98,5,265,2,0.03,2.16,954.34,4.68,12,56,68.37
212,medium,511.7,45,3,85,0,0.03,1.03,948.98,4.66,1,26,68.89
213,medium,1069.11,99,5,255,5,0.03,2.52,948.71,4.66,7,53,69.7
214,medium,993.97,84,5,255,1,0.03,2.06,947.98,4.66,6,51,75.0
215,medium,1097.7,91,5,290,5,0.03,1.84,948.27,4.66,7,53,72.53
216,medium,1054.05,99,5,250,2,0.03,2.17,953.58,4.68,11,56,70.71
217,medium,1006.93,85,5,250,2,0.03,2.08,953.97,4.68,7,50,75.29
218,medium,988.8,78,5,265,3,0.03,2.04,959.17,4.7,8,42,76.92
219,medium,974.45,80,5,225,2,0.03,1.88,958.22,4.7,8,44,83.75
220,medium,1004.95,78,5,265,4,0.03,1.64,957.86,4.7,2,39,79.49
221,medium,1099.32,84,5,270,6,0.03,1.99,958.41,4.7,2,51,77.38
222,medium,511.21,39,3,90,0,0.03,0.89,958.57,4.7,1,24,76.92
223,medium,1060.66,82,5,245,5,0.03,2.13,964.04,4.72,2,50,76.83
224,medium,863.85,70,5,170,0,0.03,1.89,961.29,4.72,3,44,74.29
225,medium,1080.6,115,5,240,2,0.03,2.67,961.02,4.72,17,64,68.7
226,medium,1069.53,109,5,240,4,0.03,2.78,961.51,4.72,11,61,72.48
227,medium,1025.51,91,5,255,2,0.03,2.26,960.99,4.72,7,46,74.73
228,medium,1086.71,105,5,260,4,0.03,2.21,961.05,4.72,5,55,72.38
229,medium,718.1,99,4,65,0,0.03,2.25,957.27,4.71,14,42,58.59
230,medium,994.24,87,5,240,3,0.03,2.21,958.77,4.71,9,52,79.31
231,medium,1084.63,126,5,255,3,0.03,2.72,959.02,4.71,18,64,71.43
232,medium,1059.65,78,5,260,6,0.03,2.09,958.71,4.71,4,47,76.92
233,medium,1077.1,96,5,265,2,0.03,2.95,959.3,4.71,4,54,71.88
234,medium,1004.44,89,5,255,2,0.03,2.7,959.36,4.71,5,46,74.16
235,medium,462.63,32,3,95,0,0.03,0.92,953.71,4.69,2,19,78.12
236,medium,1035.28,83,5,230,1,0.03,1.76,953.85,4.69,3,49,77.11
237,medium,1030.57,95,5,230,2,0.03,2.18,953.25,4.69,7,52,70.53
238,medium,497.95,40,3,85,0,0.03,1.04,947.6,4.67,3,25,72.5
239,medium,1045.46,85,5,240,4,0.03,2.13,947.99,4.67,5,51,75.29
240,medium,1030.37,77,5,245,3,0.03,1.87,947.52,4.67,3,49,79.22
241,medium,1028.01,74,5,270,4,0.03,1.47,947.15,4.67,2,50,79.73
242,medium,1045.28,77,5,280,4,0.03,1.81,946.5,4.67,5,50,75.32
243,medium,1031.38,82,5,285,2,0.03,1.96,945.98,4.67,4,51,78.05
244,medium,1043.57,72,5,295,5,0.03,1.85,945.16,4.67,2,45,81.94
245,medium,1075.03,102,5,245,3,0.03,2.35,945.76,4.67,4,54,71.57
246,medium,1041.43,84,5,245,4,0.03,1.91,951.3,4.69,4,46,75.0
247,medium,991.64,74,5,255,2,0.03,1.83,950.95,4.69,4,42,81.08
248,medium,1101.36,92,5,270,6,0.03,2.38,952.82,4.69,2,52,73.91
249,medium,1023.28,87,5,250,3,0.03,2.02,953.67,4.69,5,45,73.56
250,medium,468.63,43,3,70,0,0.03,0.83,947.25,4.67,3,23,67.44
251,medium,1070.61,89,5,260,3,0.03,2.02,952.86,4.69,3,46,74.16
252,medium,1031.01,104,5,240,1,0.03,2.4,952.08,4.69,6,49,70.19
253,medium,482.87,51,3,85,0,0.03,1.24,945.74,4.67,3,24,58.82
254,medium,1068.45,105,5,245,3,0.03,2.5,952.87,4.7,9,56,71.43
255,medium,1019.53,95,5,245,3,0.03,2.07,955.8,4.71,5,50,71.58
256,medium,1050.44,142,5,215,1,0.03,3.4,955.58,4.71,16,63,64.08
257,medium,1035.58,75,5,240,4,0.03,1.94,955.29,4.71,1,46,81.33
258,medium,1061.26,94,5,260,4,0.03,2.49,956.78,4.71,6,50,75.53
259,medium,1027.86,86,5,230,2,0.03,1.9,956.58,4.71,2,48,75.58
260,medium,1060.92,82,5,255,5,0.03,1.82,955.77,4.71,2,45,76.83
261,medium,1043.03,73,5,290,5,0.03,1.61,955.84,4.71,3,44,82.19
262,medium,1046.95,92,5,250,4,0.03,2.32,960.9,4.73,6,45,72.83
263,medium,1035.67,109,5,260,3,0.03,3.43,960.35,4.73,15,54,76.15
264,medium,1025.94,83,5,265,1,0.03,2.85,960.11,4.73,1,54,77.11
265,medium,994.87,88,5,265,3,0.03,2.39,959.45,4.73,8,42,71.59
266,medium,1076.2,89,5,250,2,0.03,1.67,959.29,4.73,1,54,75.28
267,medium,1023.58,88,5,250,1,0.03,2.14,959.0,4.73,4,53,77.27
268,medium,527.3,51,3,50,0,0.03,1.26,958.88,4.73,2,34,76.47
269,medium,1096.04,96,5,255,4,0.03,2.36,959.11,4.73,2,55,72.92
270,medium,468.26,32,3,85,0,0.03,0.75,952.88,4.71,1,17,78.12
271,medium,1051.48,92,5,245,4,0.03,2.2,958.03,4.73,2,53,75.0
272,medium,1053.15,79,5,260,5,0.03,2.3,958.46,4.73,3,44,77.22
273,medium,1040.28,111,5,255,4,0.03,2.76,963.5,4.75,17,51,63.96
274,medium,1073.15,91,5,255,5,0.03,2.32,969.41,4.77,5,52,72.53
275,medium,1030.37,89,5,270,2,0.03,1.67,969.48,4.77,5,55,74.16
276,medium,1107.35,83,5,280,6,0.03,1.93,969.87,4.77,1,56,77.11
277,medium,1029.79,89,5,255,1,0.03,2.51,969.79,4.77,5,54,71.91
278,medium,1087.29,100,5,255,4,0.03,2.34,969.67,4.77,2,52,72.0
279,medium,1021.57,78,5,300,4,0.03,1.49,969.65,4.77,4,42,76.92
280,medium,1025.75,96,5,230,2,0.03,2.45,970.17,4.77,2,52,72.92
281,medium,1017.02,72,5,255,2,0.03,2.04,970.26,4.77,0,41,81.94
282,medium,1073.1,91,5,270,3,0.03,2.36,972.12,4.77,5,50,75.82
283,medium,1050.56,77,5,255,5,0.03,1.69,971.87,4.77,1,44,79.22
284,medium,1057.77,82,5,270,5,0.03,1.83,971.83,4.77,4,49,78.05
285,medium,1064.6,96,5,280,4,0.03,2.49,971.92,4.77,10,56,72.92
286,medium,484.99,42,3,85,0,0.03,1.2,966.93,4.75,3,25,73.81
287,medium,1015.45,78,5,255,1,0.03,2.21,966.66,4.75,2,48,79.49
288,medium,979.67,81,5,265,3,0.03,1.75,965.67,4.75,11,39,74.07
289,medium,1021.45,94,5,235,1,0.03,2.29,965.47,4.75,6,55,73.4
290,medium,1052.01,90,5,295,4,0.03,2.35,965.87,4.75,8,52,72.22
291,medium,1018.97,75,5,255,4,0.03,2.31,968.9,4.76,3,44,80.0
292,medium,1109.4,110,5,320,5,0.03,3.22,969.62,4.76,8,58,67.27
293,medium,1032.63,83,5,245,4,0.03,2.6,972.69,4.77,5,45,75.9
294,medium,1053.18,73,5,260,4,0.03,1.94,972.64,4.77,1,44,80.82
295,medium,1063.06,87,5,280,4,0.03,2.27,978.27,4.79,5,52,74.71
296,medium,995.54,71,5,265,4,0.03,1.66,977.27,4.79,5,42,80.28
297,medium,1061.14,97,5,255,2,0.03,2.03,977.21,4.79,5,52,71.13
298,medium,1060.52,86,5,270,4,0.03,2.09,977.91,4.79,4,47,75.58
299,medium,1061.54,114,5,245,3,0.03,2.93,978.3,4.79,24,58,78.07
300,medium,496.91,42,3,90,0,0.03,1.1,972.88,4.77,2,23,69.05
301,medium,452.54,41,3,70,0,0.03,0.89,966.76,4.75,6,26,73.17
302,medium,1002.28,79,5,255,3,0.03,1.84,972.42,4.77,7,41,78.48
303,medium,1024.7,80,5,245,3,0.03,1.87,971.93,4.77,4,42,80.0
304,medium,1078.32,107,5,260,3,0.03,2.74,974.12,4.77,9,54,70.09
305,medium,1052.38,88,5,270,6,0.03,1.82,974.7,4.77,6,45,78.41
306,medium,1058.47,98,5,240,2,0.03,2.24,974.34,4.77,6,51,72.45
307,medium,1062.19,84,5,260,4,0.03,2.05,974.44,4.77,4,45,77.38
308,medium,1001.45,95,5,215,1,0.03,2.46,975.57,4.77,11,46,69.47
309,medium,1057.92,88,5,245,3,0.03,1.94,977.26,4.77,6,52,75.0
310,medium,1081.23,91,5,290,5,0.03,1.78,977.88,4.77,7,46,73.63
311,medium,1068.05,113,5,245,3,0.03,2.85,978.65,4.77,5,54,69.03
312,medium,450.2,30,3,100,0,0.03,0.83,978.03,4.77,2,19,80.0
313,medium,1049.57,82,5,280,4,0.03,2.27,977.84,4.77,2,47,75.61
314,medium,1039.71,69,5,270,5,0.03,1.47,978.29,4.77,3,38,82.61
315,medium,1073.56,92,5,270,3,0.03,1.92,978.05,4.77,6,47,72.83
316,medium,542.93,61,3,70,0,0.03,1.72,972.94,4.75,7,33,72.13
317,medium,979.51,78,5,235,1,0.03,2.04,972.67,4.75,2,45,80.77
318,medium,504.23,35,3,90,0,0.03,0.88,967.82,4.73,1,22,80.0
319,medium,286.35,66,2,35,0,0.03,1.58,960.94,4.7,36,16,75.76
320,medium,1007.14,102,5,275,2,0.03,2.09,960.96,4.7,10,48,66.67
321,medium,1009.54,89,5,250,1,0.03,3.05,960.06,4.7,5,49,73.03
322,medium,1026.19,89,5,280,3,0.03,2.68,965.21,4.72,7,48,76.4
323,medium,1018.04,71,5,275,4,0.03,2.14,964.79,4.72,3,41,80.28
324,medium,411.89,27,3,80,0,0.03,0.77,960.27,4.7,3,14,85.19
325,medium,1002.03,71,5,280,2,0.03,1.67,959.48,4.7,5,42,81.69
326,medium,1000.15,91,5,290,3,0.03,3.51,958.79,4.7,9,47,71.43
327,medium,1044.98,83,5,265,4,0.03,2.49,958.98,4.7,7,47,75.9
328,medium,1046.12,101,5,305,3,0.03,4.04,958.58,4.7,9,49,68.32
329,medium,493.02,42,3,85,0,0.03,1.57,956.33,4.69,1,22,71.43
330,medium,479.78,38,3,80,0,0.03,1.19,951.18,4.67,2,22,71.05
331,medium,1046.82,93,5,275,3,0.03,2.5,950.8,4.67,9,53,72.04
332,medium,1048.26,87,5,250,3,0.03,2.31,950.69,4.67,3,46,74.71
333,medium,516.46,51,3,40,0,0.03,1.03,945.08,4.65,2,30,70.59
334,medium,1051.7,97,5,265,3,0.03,2.05,945.56,4.65,5,50,71.13
335,medium,1041.82,79,5,250,4,0.03,2.15,951.35,4.67,5,46,79.75
336,medium,1130.2,125,5,260,3,0.03,3.09,952.3,4.67,9,64,66.4
337,medium,440.58,25,3,90,0,0.03,0.64,946.4,4.65,0,16,84.0
338,medium,1031.56,72,5,275,3,0.03,1.42,951.73,4.67,0,44,81.94
339,medium,1035.86,86,5,260,5,0.03,2.08,951.64,4.67,6,45,79.07
340,medium,1076.94,81,5,260,3,0.03,2.75,952.1,4.67,1,49,76.54
341,medium,1045.71,81,5,245,2,0.03,2.44,952.28,4.67,3,48,77.78
342,medium,1022.51,76,5,280,4,0.03,1.84,952.05,4.67,4,42,78.95
343,medium,683.82,52,4,120,0,0.03,1.43,948.58,4.66,4,29,78.85
344,medium,457.22,40,3,90,0,0.03,1.35,942.71,4.64,4,18,70.0
345,medium,1059.48,81,5,295,3,0.03,2.77,942.56,4.64,3,49,77.78
346,medium,1028.3,74,5,245,4,0.03,2.02,942.43,4.64,4,44,81.08
347,medium,876.82,112,5,160,0,0.03,2.18,941.28,4.64,9,48,67.86
348,medium,1049.74,110,5,265,4,0.03,3.4,940.76,4.64,8,48,67.27
349,medium,260.31,11,2,45,0,0.03,0.39,933.13,4.61,1,7,100.0
350,medium,1046.55,83,5,265,5,0.03,2.77,938.91,4.63,5,45,78.31
351,medium,1022.17,73,5,245,2,0.03,1.94,938.43,4.63,3,43,79.45
352,medium,1063.17,80,5,270,5,0.03,2.27,938.75,4.63,6,44,80.0
353,medium,996.16,90,5,220,1,0.03,2.37,943.88,4.65,4,45,74.44
354,medium,660.29,48,4,95,0,0.03,1.2,939.8,4.64,4,28,75.0
355,medium,980.87,85,5,250,1,0.03,1.82,939.41,4.64,5,45,75.29
356,medium,490.18,49,3,35,0,0.03,1.15,933.81,4.62,5,27,69.39
357,medium,1096.51,82,5,290,6,0.03,2.15,934.42,4.62,4,50,78.05
358,medium,1076.55,118,5,270,4,0.03,2.91,934.57,4.62,14,52,66.1
359,medium,1071.35,77,5,290,5,0.03,1.88,935.01,4.62,5,44,80.52
360,medium,1019.52,85,5,260,1,0.03,1.72,934.59,4.62,3,54,76.47
361,medium,1090.19,80,5,290,7,0.03,2.15,935.07,4.62,2,46,77.5
362,medium,509.63,51,3,65,0,0.03,1.25,929.69,4.6,5,28,68.63
363,medium,1037.14,127,5,240,1,0.03,3.04,929.71,4.6,15,56,66.93
364,medium,487.96,35,3,85,0,0.03,0.75,924.33,4.58,1,23,74.29
365,medium,920.15,94,5,140,0,0.03,2.08,923.58,4.58,9,55,69.15
366,medium,1050.76,78,5,290,4,0.03,2.09,923.33,4.58,6,47,75.64
367,medium,1072.23,88,5,275,6,0.03,2.12,923.81,4.58,4,49,75.0
368,medium,1043.04,90,5,240,2,0.03,2.06,928.97,4.6,2,54,73.33
369,medium,1028.28,85,5,245,3,0.03,1.74,928.29,4.6,5,45,75.29
370,medium,1067.6,72,5,290,4,0.03,1.96,934.29,4.62,0,46,81.94
371,medium,1036.81,72,5,260,6,0.03,1.78,934.14,4.62,4,41,81.94
372,medium,1022.93,81,5,300,3,0.03,2.14,933.84,4.62,1,48,77.78
373,medium,1065.83,71,5,310,5,0.03,1.58,934.09,4.62,3,48,83.1
374,medium,492.09,41,3,85,0,0.03,0.81,928.28,4.6,1,22,68.29
375,medium,1024.12,71,5,275,3,0.03,1.69,928.22,4.6,3,44,80.28
376,medium,1067.82,89,5,275,4,0.03,2.11,927.82,4.6,9,47,76.4
377,medium,1055.57,88,5,265,2,0.03,2.22,928.08,4.6,4,45,73.86
378,medium,1009.13,78,5,255,1,0.03,1.83,927.3,4.6,2,46,79.49
379,medium,998.05,79,5,250,1,0.03,2.07,927.06,4.6,5,46,79.75
380,medium,1035.12,72,5,260,4,0.03,2.21,927.16,4.6,2,44,81.94
381,medium,1073.16,81,5,265,3,0.03,2.47,927.72,4.6,1,51,77.78
382,medium,1074.16,94,5,265,3,0.03,3.4,927.73,4.6,6,57,71.28
383,medium,1033.81,79,5,250,6,0.03,1.61,927.56,4.6,5,39,77.22
384,medium,476.05,42,3,75,0,0.03,1.18,921.75,4.58,3,24,71.43
385,medium,552.49,48,3,60,0,0.03,1.47,916.62,4.56,2,28,70.83
386,medium,434.96,23,3,100,0,0.03,0.57,916.12,4.56,1,18,82.61
387,medium,994.03,90,5,220,2,0.03,2.52,915.91,4.56,2,44,75.56
388,medium,962.38,82,5,235,1,0.03,2.15,915.74,4.56,8,44,74.39
389,medium,1071.8,89,5,260,4,0.03,1.87,916.24,4.56,5,52,74.16
390,medium,1035.73,88,5,280,4,0.03,2.19,916.08,4.56,4,49,73.86
391,medium,1061.35,74,5,280,5,0.03,2.12,916.5,4.56,4,46,79.73
392,medium,473.68,39,3,70,0,0.03,0.96,910.14,4.54,1,24,69.23
393,medium,1056.57,90,5,265,3,0.03,2.16,910.38,4.54,6,45,77.78
394,medium,1069.17,81,5,280,4,0.03,1.86,910.54,4.54,5,48,79.01
395,medium,1084.54,101,5,255,5,0.03,2.68,910.76,4.54,7,52,75.25
396,medium,1063.11,93,5,240,4,0.03,2.39,911.43,4.54,1,54,74.19
397,medium,1042.9,88,5,280,3,0.03,1.97,911.25,4.54,4,48,75.0
398,medium,1070.34,96,5,255,4,0.03,2.2,911.35,4.54,6,52,70.83
399,medium,508.29,44,3,80,0,0.03,1.18,905.82,4.52,2,28,75.0
400,medium,1016.03,91,5,275,3,0.03,2.17,911.01,4.54,11,47,69.23
401,medium,1083.21,84,5,290,7,0.03,2.17,917.32,4.56,6,48,76.19
402,medium,1042.61,77,5,265,3,0.03,1.49,917.72,4.56,3,45,77.92
403,medium,1050.92,76,5,250,4,0.03,1.95,917.98,4.56,2,47,78.95
404,medium,1102.66,103,5,275,4,0.03,2.6,918.22,4.56,9,57,75.73
405,medium,983.77,74,5,275,2,0.03,1.8,917.54,4.56,8,41,75.68
406,medium,495.93,50,3,65,0,0.03,1.25,911.91,4.54,1,27,66.0
407,medium,480.76,44,3,65,0,0.03,0.87,906.1,4.52,2,25,70.45
408,medium,1035.27,73,5,280,3,0.03,1.88,906.44,4.52,5,47,80.82
409,medium,1061.55,82,5,280,5,0.03,2.25,906.47,4.52,6,45,79.27
410,medium,642.55,60,4,105,0,0.03,1.67,902.09,4.51,13,35,68.33
411,medium,1034.9,84,5,240,3,0.03,2.49,901.76,4.51,6,48,76.19
412,medium,533.37,67,3,85,0,0.03,2.05,902.59,4.51,9,30,59.7
413,medium,1041.76,93,5,245,2,0.03,3.89,902.51,4.51,7,49,72.04
414,medium,1014.27,85,5,245,1,0.03,2.51,902.25,4.51,3,47,77.65
415,medium,1074.13,80,5,275,5,0.03,2.44,902.26,4.51,4,50,78.75
416,medium,1024.09,85,5,225,3,0.03,1.82,907.07,4.53,7,50,76.47
417,medium,1059.93,87,5,290,3,0.03,2.12,907.88,4.53,7,50,78.16
418,medium,1083.59,78,5,275,6,0.03,2.85,913.67,4.55,2,51,79.49
419,medium,1104.14,82,5,290,6,0.03,2.19,921.85,4.58,0,49,78.05
420,medium,1045.88,94,5,285,3,0.03,2.09,922.23,4.58,6,51,77.66
421,medium,1071.47,75,5,290,5,0.03,2.67,922.85,4.58,3,44,78.67
422,medium,1037.19,85,5,270,3,0.03,3.18,922.96,4.58,3,48,77.65
423,medium,1007.72,93,5,295,2,0.03,2.56,922.86,4.58,9,52,70.97
424,medium,1047.49,70,5,295,4,0.03,1.53,929.22,4.6,0,48,82.86
425,medium,995.31,79,5,255,2,0.03,1.75,929.15,4.6,5,41,82.28
426,medium,1024.86,81,5,240,2,0.03,1.99,929.4,4.6,5,46,75.31
427,medium,1093.41,83,5,290,7,0.03,2.4,929.88,4.6,3,47,77.11
428,medium,1048.74,80,5,270,5,0.03,1.88,929.91,4.6,6,48,78.75
429,medium,1084.64,85,5,315,4,0.03,1.8,935.82,4.62,3,54,77.65
430,medium,1038.11,81,5,245,3,0.03,1.89,941.41,4.64,1,48,79.01
431,medium,1045.17,91,5,265,4,0.03,5.35,941.39,4.64,9,46,72.53
432,medium,970.55,87,5,245,2,0.03,2.99,940.61,4.64,7,40,75.86
433,medium,453.55,33,3,85,0,0.03,0.82,939.98,4.64,4,20,75.76
434,medium,1086.74,82,5,280,6,0.03,3.12,940.33,4.64,2,50,75.61
435,medium,981.02,61,5,250,1,0.03,2.72,939.73,4.64,1,45,88.52
436,medium,1041.25,96,5,260,4,0.03,4.35,938.84,4.64,6,45,71.88
437,medium,960.59,77,5,265,1,0.03,2.53,944.04,4.66,5,43,80.52
438,medium,1077.19,74,5,310,4,0.03,2.78,944.49,4.66,2,50,81.08
439,medium,1022.53,92,5,245,3,0.03,2.85,944.36,4.66,8,47,75.0
440,medium,1045.97,85,5,260,4,0.03,2.62,944.05,4.66,5,47,76.47
441,medium,1018.62,86,5,305,3,0.03,2.06,943.78,4.66,6,50,77.91
442,medium,996.25,88,5,280,2,0.03,2.34,943.52,4.66,2,42,75.0
443,medium,1016.46,97,5,255,2,0.03,2.64,946.84,4.67,13,47,76.29
444,medium,1061.47,84,5,255,4,0.03,2.5,952.89,4.69,4,46,75.0
445,medium,1038.73,82,5,280,4,0.03,1.74,952.68,4.69,6,45,74.39
446,medium,1039.62,88,5,280,3,0.03,2.08,952.79,4.69,6,53,77.27
447,medium,482.89,43,3,95,0,0.03,1.18,948.85,4.67,5,25,69.77
448,medium,1026.39,100,5,255,5,0.03,2.99,948.62,4.67,8,48,70.0
449,medium,1093.05,87,5,330,6,0.03,2.08,956.95,4.7,5,51,75.86
450,medium,1035.41,84,5,265,4,0.03,1.91,956.84,4.7,6,42,77.38
451,medium,1049.53,96,5,275,2,0.03,2.49,957.11,4.7,0,52,72.92
452,medium,468.24,33,3,90,0,0.03,1.17,951.16,4.68,1,17,72.73
453,medium,1049.12,81,5,245,3,0.03,2.03,951.69,4.68,3,48,75.31
454,medium,1080.95,82,5,290,6,0.03,1.84,955.9,4.69,6,49,76.83
455,medium,1091.5,96,5,310,4,0.03,2.0,957.0,4.69,2,54,72.92
456,medium,1034.82,81,5,295,4,0.03,2.21,962.45,4.71,3,50,76.54
457,medium,1092.32,94,5,315,4,0.03,2.4,962.41,4.71,4,53,73.4
458,medium,1094.85,81,5,310,6,0.03,1.9,962.59,4.71,1,50,79.01
459,medium,1095.6,89,5,275,4,0.03,1.73,962.83,4.71,7,55,76.4
460,medium,1007.2,87,5,305,2,0.03,2.49,962.71,4.71,3,44,77.01
461,medium,1018.4,79,5,275,5,0.03,2.22,961.99,4.71,7,42,77.22
462,medium,1054.38,73,5,320,5,0.03,2.42,967.44,4.73,5,47,80.82
463,medium,509.1,58,3,70,0,0.03,1.69,962.16,4.71,5,27,62.07
464,medium,996.27,98,5,245,2,0.03,3.13,967.24,4.73,10,53,69.39
465,medium,1060.83,81,5,245,2,0.03,2.36,968.65,4.73,1,49,77.78
466,medium,1073.24,78,5,275,5,0.03,2.36,968.87,4.73,4,51,76.92
467,medium,1053.03,73,5,300,3,0.03,1.7,968.68,4.73,1,45,82.19
468,medium,1008.86,81,5,230,3,0.03,1.73,968.34,4.73,5,44,76.54
469,medium,539.63,57,3,40,0,0.03,1.4,963.45,4.71,3,34,71.93
470,medium,494.21,42,3,70,0,0.03,1.22,957.72,4.69,2,25,76.19
471,medium,1041.59,75,5,310,5,0.03,2.31,957.77,4.69,1,43,81.33
472,medium,1066.07,74,5,295,4,0.03,2.22,958.2,4.69,2,51,79.73
473,medium,544.61,46,3,65,0,0.03,0.95,952.99,4.67,1,28,76.09
474,medium,1048.51,97,5,245,2,0.03,2.17,958.55,4.69,7,45,75.26
475,medium,1037.7,78,5,265,4,0.03,1.9,958.69,4.69,4,42,80.77
476,medium,1069.0,94,5,270,4,0.03,2.48,958.7,4.69,6,50,71.28
477,medium,447.18,30,3,80,0,0.03,0.83,952.61,4.67,3,15,76.67
478,medium,1015.53,68,5,235,2,0.03,1.64,952.68,4.67,0,43,83.82
479,medium,1079.16,91,5,280,3,0.03,2.1,953.49,4.67,1,55,74.73
480,medium,1125.47,90,5,290,6,0.03,2.35,954.39,4.67,2,55,74.44
481,medium,1029.89,92,5,225,3,0.03,2.19,953.96,4.67,8,46,70.65
482,medium,543.2,46,3,55,0,0.03,1.11,948.65,4.65,0,30,73.91
483,medium,1089.33,84,5,285,5,0.03,1.8,949.2,4.65,0,50,77.38
484,medium,557.04,46,3,65,0,0.03,1.43,950.01,4.65,1,30,76.09
485,medium,1020.26,82,5,245,2,0.03,2.59,954.69,4.67,4,47,79.27
486,medium,1036.48,90,5,255,3,0.03,2.53,960.71,4.69,2,46,74.44
487,medium,1042.05,82,5,260,3,0.03,2.32,961.19,4.69,2,44,78.05
488,medium,986.04,71,5,275,2,0.03,1.76,961.42,4.69,7,42,77.46
489,medium,709.34,50,4,135,0,0.03,1.27,957.8,4.68,0,36,82.0
490,medium,1048.9,78,5,290,3,0.03,1.95,957.93,4.68,2,53,79.49
491,medium,1018.69,89,5,260,3,0.03,2.15,957.5,4.68,11,48,76.4
492,medium,1013.15,99,5,285,2,0.03,2.59,962.9,4.7,11,47,73.74
493,medium,519.83,47,3,60,0,0.03,1.6,957.53,4.68,3,30,76.6
494,medium,1045.41,69,5,255,5,0.03,2.28,957.29,4.68,1,44,82.61
495,medium,1072.54,90,5,265,2,0.03,2.8,957.17,4.68,2,49,75.56
496,medium,1009.57,86,5,275,3,0.03,1.93,956.64,4.68,10,49,77.91
497,medium,1041.62,85,5,260,2,0.03,1.83,956.63,4.68,3,53,75.29
498,medium,1091.9,90,5,280,4,0.03,2.34,956.84,4.68,2,47,75.56
499,medium,535.58,45,3,80,0,0.03,1.43,957.11,4.68,1,27,73.33
500,medium,1031.47,84,5,240,3,0.03,2.12,957.27,4.68,4,51,77.38
501,medium,1073.2,105,5,260,4,0.03,2.16,957.17,4.68,5,53,71.43
502,medium,124.44,31,1,-5,0,0.03,0.73,947.99,4.64,12,14,41.94
503,medium,1079.77,79,5,255,3,0.03,2.14,948.28,4.64,1,52,79.75
504,medium,1039.57,68,5,295,5,0.03,1.82,947.65,4.64,2,45,82.35
505,medium,1062.69,82,5,275,5,0.03,1.98,948.43,4.64,4,46,76.83
506,medium,273.81,12,2,50,0,0.03,0.33,946.21,4.63,0,8,100.0
507,medium,1075.35,73,5,290,5,0.03,1.53,952.16,4.65,1,42,80.82
508,medium,964.19,79,5,235,1,0.03,1.78,951.45,4.65,3,42,77.22
509,medium,1026.13,75,5,260,4,0.03,1.96,951.09,4.65,3,47,80.0
510,medium,781.22,111,4,90,0,0.03,2.93,952.48,4.65,23,57,62.16
511,medium,1053.63,78,5,260,4,0.03,1.81,952.67,4.65,2,48,80.77
512,medium,1059.08,88,5,295,4,0.03,1.79,957.92,4.67,4,50,77.27
513,medium,971.98,76,5,285,2,0.03,1.95,957.23,4.67,8,40,75.0
514,medium,1060.13,89,5,290,3,0.03,2.14,957.69,4.67,5,51,73.03
515,medium,491.58,52,3,85,0,0.03,1.41,951.86,4.65,2,28,59.62
516,medium,1053.0,81,5,275,4,0.03,1.69,952.15,4.65,3,51,76.54
517,medium,1087.83,88,5,275,5,0.03,2.02,952.43,4.65,4,53,75.0
518,medium,490.22,42,3,85,0,0.03,1.0,946.49,4.63,2,23,66.67
519,medium,875.32,76,5,150,0,0.03,2.0,944.21,4.63,6,41,75.0
520,medium,1068.26,80,5,275,5,0.03,2.03,944.43,4.63,2,46,78.75
521,medium,1036.11,86,5,250,2,0.03,1.99,944.08,4.63,2,49,75.58
522,medium,1061.94,75,5,275,5,0.03,1.81,944.32,4.63,3,46,80.0
523,medium,1088.81,77,5,330,5,0.03,1.9,945.14,4.63,5,52,79.22
524,medium,1012.28,87,5,225,1,0.03,2.55,944.78,4.63,5,45,75.86
525,medium,1071.02,81,5,275,4,0.03,2.42,945.54,4.63,7,51,79.01
526,medium,1032.04,80,5,255,2,0.03,2.58,945.61,4.63,4,47,78.75
527,medium,1044.22,110,5,255,4,0.03,3.04,945.12,4.63,12,52,66.36
528,medium,1056.57,90,5,270,4,0.03,2.29,945.2,4.63,6,47,76.67
529,medium,550.96,47,3,65,0,0.03,0.98,939.86,4.61,3,30,74.47
530,medium,519.18,47,3,75,0,0.03,1.08,934.67,4.59,2,29,78.72
531,medium,1011.95,91,5,275,5,0.03,2.23,934.34,4.59,7,43,73.63
532,medium,1018.46,82,5,265,3,0.03,2.0,934.82,4.59,4,43,78.05
533,medium,1063.72,74,5,310,4,0.03,2.1,940.92,4.61,0,50,81.08
534,medium,1005.49,67,5,275,4,0.03,1.48,940.11,4.61,3,39,82.09
535,medium,1001.66,70,5,290,3,0.03,1.5,940.31,4.61,4,43,81.43
536,medium,1017.0,82,5,285,2,0.03,2.13,940.07,4.61,6,51,78.05
537,medium,1090.6,101,5,255,3,0.03,2.57,941.37,4.61,7,58,70.3
538,medium,555.68,51,3,65,0,0.03,1.45,936.16,4.59,3,31,72.55
539,medium,997.13,96,5,260,1,0.03,2.18,935.9,4.59,8,48,70.83
540,medium,1092.88,78,5,290,6,0.03,1.8,936.37,4.59,6,52,78.21
541,medium,1059.06,83,5,245,3,0.03,2.42,936.78,4.59,3,52,77.11
542,medium,1062.93,78,5,260,4,0.03,1.91,937.44,4.59,2,53,78.21
543,medium,1052.78,85,5,270,2,0.03,1.99,937.81,4.59,1,54,77.65
544,medium,1057.3,121,5,265,1,0.03,2.72,937.77,4.59,15,61,66.12
545,medium,1041.75,69,5,275,5,0.03,1.95,937.8,4.59,1,47,84.06
546,medium,1034.49,68,5,330,4,0.03,1.8,937.74,4.59,4,43,83.82
547,medium,969.7,67,5,265,1,0.03,1.65,942.61,4.61,3,41,82.09
548,medium,1060.0,76,5,260,4,0.03,1.52,942.95,4.61,2,50,78.95
549,medium,971.74,67,5,255,3,0.03,1.62,941.73,4.61,1,39,83.58
550,medium,453.06,33,3,80,0,0.03,0.98,935.91,4.59,5,18,75.76
551,medium,1043.15,68,5,305,4,0.03,1.63,935.85,4.59,2,48,82.35
552,medium,1046.39,93,5,245,2,0.03,2.48,941.63,4.61,7,53,73.12
553,medium,1029.13,78,5,255,4,0.03,1.73,941.43,4.61,2,44,79.49
554,medium,426.69,23,3,95,0,0.03,0.47,934.89,4.59,1,13,82.61
555,medium,1092.29,108,5,255,4,0.03,3.5,934.89,4.59,12,55,73.15
556,medium,1023.82,81,5,280,2,0.03,2.46,934.78,4.59,3,47,79.01
557,medium,418.17,15,3,100,0,0.03,0.51,928.04,4.57,0,10,100.0
558,medium,1069.47,85,5,280,4,0.03,2.87,927.79,4.57,5,54,77.65
559,medium,1039.85,76,5,280,3,0.03,2.03,927.23,4.57,4,46,78.95
560,medium,1081.39,73,5,275,3,0.03,1.84,927.97,4.57,1,50,80.82
561,medium,1088.43,83,5,300,5,0.03,2.01,928.67,4.57,1,55,77.11
562,medium,457.23,39,3,90,0,0.03,0.95,922.7,4.55,3,20,69.23
563,medium,1090.26,80,5,290,5,0.03,2.31,928.51,4.57,4,49,77.5
564,medium,694.69,85,4,95,0,0.03,1.71,925.5,4.56,7,36,63.53
565,medium,1084.99,89,5,275,4,0.03,2.13,925.74,4.56,5,50,76.4
566,medium,1013.01,67,5,280,3,0.03,1.8,925.14,4.56,1,45,85.07
567,medium,1010.7,87,5,265,3,0.03,2.22,924.71,4.56,11,45,78.16
568,medium,1025.05,80,5,310,3,0.03,1.89,924.88,4.56,2,48,78.75
569,medium,1034.42,82,5,245,1,0.03,1.67,929.82,4.58,4,47,78.05
570,medium,1013.17,82,5,285,2,0.03,2.07,935.01,4.6,10,47,73.17
571,medium,960.55,61,5,265,2,0.03,1.63,934.2,4.6,1,36,88.52
572,medium,1033.62,77,5,285,2,0.03,1.9,933.88,4.6,3,47,79.22
573,medium,1090.51,91,5,290,6,0.03,2.02,939.34,4.62,7,48,76.92
574,medium,1022.88,90,5,260,3,0.03,2.2,939.08,4.62,6,47,73.33
575,medium,1023.39,91,5,225,1,0.03,2.3,938.94,4.62,5,47,73.63
576,medium,1044.29,83,5,245,4,0.03,2.24,938.69,4.62,5,48,78.31
577,medium,1026.09,78,5,290,3,0.03,1.74,944.48,4.64,2,47,79.49
578,medium,1037.03,83,5,290,3,0.03,1.85,944.7,4.64,3,49,77.11
579,medium,1066.01,81,5,265,4,0.03,1.98,944.56,4.64,3,51,76.54
580,medium,1034.17,68,5,300,5,0.03,1.85,943.65,4.64,2,40,85.29
581,medium,1102.48,99,5,275,4,0.03,2.47,944.38,4.64,3,51,73.74
582,medium,1002.61,74,5,265,1,0.03,1.44,948.97,4.66,4,47,79.73
583,medium,423.31,23,3,105,0,0.03,0.51,942.31,4.64,3,15,82.61
584,medium,1059.79,97,5,260,4,0.03,2.56,947.34,4.66,7,54,70.1
585,medium,1083.99,83,5,280,5,0.03,2.11,947.98,4.66,5,53,75.9
586,medium,1008.08,123,5,220,1,0.03,4.14,947.69,4.66,17,59,65.85
587,medium,882.67,71,5,135,0,0.03,2.17,946.1,4.66,2,44,74.65
588,medium,1011.05,92,5,240,1,0.03,3.5,946.35,4.66,2,52,75.0
589,medium,1022.32,70,5,265,2,0.03,1.98,949.48,4.67,2,39,81.43
590,medium,1056.0,87,5,300,4,0.03,2.36,949.55,4.67,7,54,77.01
591,medium,1047.3,86,5,260,3,0.03,1.81,949.83,4.67,4,48,76.74
592,medium,1061.47,84,5,260,4,0.03,2.46,950.32,4.67,2,48,77.38
593,medium,1029.17,73,5,300,3,0.03,2.16,955.41,4.69,1,43,80.82
594,medium,1015.0,73,5,235,3,0.03,2.01,955.11,4.69,3,46,79.45
595,medium,1039.82,86,5,295,3,0.03,1.9,954.78,4.69,4,51,73.26
596,medium,703.01,52,4,120,0,0.03,1.09,951.71,4.68,2,33,76.92
597,medium,1026.44,80,5,295,3,0.03,2.07,951.56,4.68,6,48,81.25
598,medium,1040.32,71,5,320,4,0.03,1.82,951.05,4.68,1,49,81.69
599,medium,1092.57,81,5,290,4,0.03,2.19,956.62,4.7,1,55,77.78
600,medium,500.93,40,3,85,0,0.03,0.83,951.31,4.68,2,26,70.0
601,medium,1071.52,92,5,295,4,0.03,1.99,951.29,4.68,6,51,76.09
602,medium,1004.17,89,5,230,2,0.03,2.21,960.09,4.72,3,45,75.28
603,medium,502.61,47,3,65,0,0.03,1.5,954.32,4.7,6,28,74.47
604,medium,1066.52,75,5,310,3,0.03,1.88,954.59,4.7,1,50,80.0
605,medium,395.36,21,3,80,0,0.03,0.6,947.92,4.68,4,10,100.0
606,medium,1045.25,80,5,300,4,0.03,1.6,955.63,4.71,2,51,77.5
607,medium,1063.34,72,5,310,4,0.03,1.55,955.51,4.71,6,50,79.17
608,medium,993.83,81,5,270,1,0.03,2.17,955.81,4.71,3,53,76.54
609,medium,1076.48,96,5,280,5,0.03,2.46,956.31,4.71,2,52,73.96
610,medium,530.83,51,3,80,0,0.03,1.28,953.81,4.7,3,31,66.67
611,medium,1072.48,74,5,315,5,0.03,1.44,954.0,4.7,4,44,79.73
612,medium,1084.32,92,5,260,4,0.03,2.3,954.25,4.7,4,55,73.91
613,medium,996.41,101,5,260,2,0.03,2.47,954.49,4.7,13,49,73.27
614,medium,460.2,34,3,90,0,0.03,0.83,948.49,4.68,4,15,73.53
615,medium,1042.68,87,5,275,2,0.03,2.18,954.0,4.7,3,50,75.86
616,medium,899.3,78,5,170,0,0.03,1.72,952.47,4.7,2,46,75.64
617,medium,433.19,25,3,95,0,0.03,1.08,945.92,4.68,3,15,80.0
618,medium,954.89,68,5,250,1,0.03,2.34,950.57,4.7,6,40,82.35
619,medium,1001.8,78,5,255,5,0.03,2.35,951.83,4.7,12,39,71.79
620,medium,818.14,191,4,95,0,0.03,5.3,949.33,4.69,22,43,50.26
621,medium,470.58,35,3,80,0,0.03,0.86,943.68,4.67,1,23,82.86
622,medium,1007.31,88,5,295,1,0.03,2.18,943.13,4.67,2,46,75.0
623,medium,999.88,70,5,245,2,0.03,1.71,942.24,4.67,2,40,82.86
624,medium,1030.71,75,5,285,4,0.03,1.88,942.42,4.67,3,46,78.67
625,medium,1037.97,75,5,300,3,0.03,1.91,942.09,4.67,3,47,81.33
626,medium,1064.72,100,5,280,4,0.03,2.89,942.42,4.67,4,53,71.0
627,medium,998.16,76,5,250,4,0.03,2.04,941.96,4.67,4,42,78.95
628,medium,996.11,71,5,290,1,0.03,1.6,941.35,4.67,1,44,83.1
629,medium,1022.28,88,5,230,2,0.03,1.84,946.07,4.69,4,53,77.27
630,medium,1065.47,92,5,290,6,0.03,2.29,951.53,4.71,6,46,75.0
631,medium,490.03,42,3,70,0,0.03,1.04,946.31,4.69,4,26,78.57
632,medium,1008.48,88,5,220,1,0.03,2.36,946.21,4.69,6,53,75.0
633,medium,1045.04,91,5,265,3,0.03,1.8,946.03,4.69,11,45,76.92
634,medium,1069.04,91,5,280,5,0.03,2.03,946.66,4.69,7,47,73.63
635,medium,441.76,27,3,100,0,0.03,0.7,941.06,4.67,1,16,85.19
636,medium,988.07,84,5,265,2,0.03,2.12,940.77,4.67,8,46,78.57
637,medium,1033.22,76,5,270,5,0.03,2.02,940.2,4.67,4,43,78.95
638,medium,1036.25,97,5,245,1,0.03,2.34,945.0,4.69,3,51,71.13
639,medium,1059.04,83,5,255,4,0.03,2.47,945.62,4.69,3,54,77.11
640,medium,1058.17,81,5,310,4,0.03,2.57,945.28,4.69,11,48,81.48
641,medium,1055.62,82,5,275,5,0.03,2.12,945.24,4.69,4,52,79.27
642,medium,1077.52,69,5,330,6,0.03,1.49,945.39,4.69,1,47,82.61
643,medium,1054.45,96,5,300,4,0.03,2.03,945.4,4.69,12,53,76.04
644,medium,1036.92,86,5,295,3,0.03,2.45,945.2,4.69,8,51,79.07
645,medium,481.67,41,3,100,0,0.03,1.11,939.6,4.67,6,26,80.49
646,medium,456.65,31,3,80,0,0.03,0.96,933.82,4.65,2,16,80.65
647,medium,1052.34,83,5,255,3,0.03,2.62,934.65,4.65,3,45,78.31
648,medium,1042.02,81,5,275,4,0.03,2.38,934.47,4.65,3,48,77.78
649,medium,1085.22,91,5,255,2,0.03,2.95,935.6,4.65,5,54,73.63
650,medium,385.79,140,2,45,0,0.03,3.42,934.93,4.64,29,16,58.57
651,medium,1065.35,95,5,275,3,0.03,2.05,935.15,4.64,5,53,70.53
652,medium,727.16,76,4,130,0,0.03,1.82,931.96,4.63,3,39,68.42
653,medium,1046.3,84,5,310,6,0.03,2.06,932.13,4.63,10,44,79.76
654,medium,1015.45,80,5,220,1,0.03,2.23,938.02,4.65,6,47,75.0
655,medium,423.52,22,3,105,0,0.03,0.75,931.33,4.63,0,13,81.82
656,medium,1054.94,84,5,315,4,0.03,1.7,931.64,4.63,4,51,77.38
657,medium,1067.08,84,5,265,3,0.03,1.96,938.13,4.65,6,54,75.0
658,medium,1101.85,89,5,275,4,0.03,2.18,938.46,4.65,1,52,75.28
659,medium,1069.22,81,5,260,4,0.03,2.1,938.75,4.65,3,48,79.01
660,medium,463.46,36,3,85,0,0.03,1.07,932.57,4.63,4,18,75.0
661,medium,1099.17,87,5,290,6,0.03,1.99,932.68,4.63,5,49,75.86
662,medium,1068.63,77,5,275,3,0.03,1.89,938.79,4.65,3,47,80.52
663,medium,1023.61,61,5,335,4,0.03,1.71,938.12,4.65,1,41,88.52
664,medium,1006.95,74,5,230,3,0.03,2.56,941.25,4.66,2,42,82.43
665,medium,1048.05,90,5,255,3,0.03,2.08,940.88,4.66,4,51,75.56
666,medium,1027.61,81,5,270,3,0.03,1.81,941.02,4.66,5,41,79.01
667,medium,474.17,49,3,105,0,0.03,1.24,935.66,4.64,7,23,73.47
668,medium,1050.93,98,5,275,2,0.03,2.52,935.92,4.64,10,46,76.53
669,medium,1028.21,77,5,280,3,0.03,1.92,935.86,4.64,3,47,81.82
670,medium,1043.52,63,5,270,5,0.03,1.28,936.16,4.64,1,38,85.71
671,medium,990.09,68,5,285,2,0.03,1.54,936.45,4.64,6,38,83.82
672,medium,1022.13,78,5,285,4,0.03,2.39,936.34,4.64,4,43,80.77
673,medium,1032.52,85,5,260,3,0.03,2.01,935.76,4.64,3,44,77.65
674,medium,1031.41,81,5,260,5,0.03,1.97,935.84,4.64,7,41,76.54
675,medium,1014.39,74,5,285,3,0.03,1.51,935.75,4.64,4,44,79.73
676,medium,1019.43,79,5,300,3,0.03,2.12,935.51,4.64,5,43,77.22
677,medium,950.64,76,5,245,1,0.03,2.47,934.75,4.64,4,41,78.95
678,medium,1035.32,77,5,280,4,0.03,2.29,934.73,4.64,5,47,77.92
679,medium,1051.24,65,5,310,6,0.03,1.92,934.59,4.64,1,42,84.62
680,medium,1025.69,75,5,275,2,0.03,2.19,934.5,4.64,1,48,77.33
681,medium,1029.38,74,5,310,4,0.03,2.02,933.77,4.64,4,44,81.08
682,medium,1054.01,76,5,315,5,0.03,1.88,934.28,4.64,0,43,80.26
683,medium,1000.06,72,5,240,2,0.03,1.8,940.05,4.66,2,44,83.33
684,medium,1016.09,78,5,240,2,0.03,1.75,939.62,4.66,6,50,78.21
685,medium,993.55,72,5,290,2,0.03,1.57,938.71,4.66,6,41,79.17
686,medium,1024.51,76,5,290,3,0.03,1.88,938.88,4.66,4,45,78.95
687,medium,981.42,81,5,300,2,0.03,2.15,939.86,4.66,7,41,77.78
688,medium,998.65,80,5,280,3,0.03,2.19,939.74,4.66,8,47,83.75
689,medium,559.15,44,3,60,0,0.03,0.9,935.11,4.64,2,30,77.27
690,medium,1056.23,72,5,330,5,0.03,1.6,935.11,4.64,4,43,81.94
691,medium,662.96,66,4,120,0,0.03,1.6,931.27,4.63,13,33,84.85
692,medium,1107.24,94,5,310,4,0.03,2.43,931.72,4.63,4,56,72.34
693,medium,1062.73,105,5,240,3,0.03,2.6,932.06,4.63,9,54,71.43
694,medium,458.48,39,3,100,0,0.03,0.88,926.49,4.61,5,21,71.79
695,medium,1089.2,76,5,310,6,0.03,2.12,926.99,4.61,2,43,78.95
696,medium,1051.86,91,5,315,4,0.03,2.65,930.48,4.62,7,47,73.63
697,medium,1006.16,65,5,305,3,0.03,2.23,930.27,4.62,3,39,84.62
698,medium,1094.24,83,5,350,5,0.03,1.9,930.81,4.62,3,54,78.31
699,medium,1027.12,78,5,245,3,0.03,1.74,930.16,4.62,4,47,78.21
700,medium,991.96,93,5,320,2,0.03,2.21,935.07,4.64,9,45,77.42
701,medium,974.85,60,5,255,3,0.03,1.61,934.1,4.64,2,40,90.0
702,medium,1085.57,79,5,280,4,0.03,2.35,934.92,4.64,3,50,78.48
703,medium,1058.61,83,5,315,5,0.03,1.84,940.48,4.66,5,45,74.7
704,medium,1052.04,97,5,260,3,0.03,2.19,940.33,4.66,5,47,74.23
705,medium,1031.62,82,5,275,3,0.03,2.16,946.69,4.68,4,43,76.83
706,medium,478.75,41,3,65,0,0.03,0.95,941.03,4.66,5,26,65.85
707,medium,1035.44,86,5,250,4,0.03,2.26,940.75,4.66,6,47,74.42
708,medium,1004.68,82,5,230,2,0.03,2.34,940.86,4.66,6,46,79.27
709,medium,993.68,71,5,250,2,0.03,2.46,940.03,4.66,1,41,81.69
710,medium,1082.82,88,5,260,3,0.03,2.88,945.55,4.68,2,48,77.27
711,medium,1008.51,76,5,300,2,0.03,1.87,944.91,4.68,2,45,77.63
712,medium,1041.25,81,5,295,4,0.03,1.8,944.48,4.68,3,44,76.54
713,medium,1068.88,83,5,300,4,0.03,2.04,945.2,4.68,5,51,77.11
714,medium,1067.32,92,5,315,4,0.03,2.2,951.28,4.7,8,54,71.74
715,medium,488.63,41,3,65,0,0.03,0.99,945.74,4.68,3,26,80.49
716,medium,1062.07,80,5,295,4,0.03,2.24,947.36,4.68,8,47,80.0
717,medium,1027.08,92,5,270,1,0.03,2.21,953.3,4.7,2,54,71.74
718,medium,1069.09,78,5,255,3,0.03,2.14,954.44,4.7,0,49,79.49
719,medium,1001.94,62,5,255,3,0.03,1.57,954.45,4.7,0,39,87.1
720,medium,1078.55,82,5,270,4,0.03,2.0,957.05,4.71,4,48,76.83
721,medium,1012.03,70,5,255,2,0.03,1.55,962.46,4.73,2,41,84.29
722,medium,1052.72,67,5,310,5,0.03,1.77,962.92,4.73,1,42,83.58
723,medium,1003.39,78,5,275,2,0.03,2.12,962.95,4.73,4,46,82.05
724,medium,1084.1,89,5,290,4,0.03,2.11,963.49,4.73,5,54,74.16
725,medium,1038.39,64,5,315,5,0.03,1.64,963.49,4.73,2,42,84.38
726,medium,1014.47,91,5,315,4,0.03,2.17,962.99,4.73,11,43,73.63
727,medium,543.66,53,3,70,0,0.03,1.38,958.44,4.71,1,30,71.7
728,medium,1055.94,82,5,260,3,0.03,1.98,959.04,4.71,6,46,75.61
729,medium,1032.09,80,5,240,2,0.03,2.35,959.14,4.71,2,44,78.75
730,medium,431.41,28,3,100,0,0.03,0.67,952.8,4.69,3,18,75.0
731,medium,1067.45,78,5,300,5,0.03,1.66,958.57,4.71,4,43,78.21
732,medium,1014.64,78,5,260,2,0.03,1.74,958.64,4.71,6,46,79.49
733,medium,1120.02,97,5,275,5,0.03,2.36,959.38,4.71,1,55,74.23
734,medium,1048.51,71,5,320,5,0.03,2.05,959.18,4.71,3,42,81.69
735,medium,1070.37,83,5,260,4,0.03,1.98,965.47,4.73,3,54,75.9
736,medium,951.31,65,5,270,2,0.03,1.3,965.1,4.73,3,39,83.08
737,medium,1011.01,80,5,265,1,0.03,1.9,964.88,4.73,4,43,77.5
738,medium,1071.3,70,5,330,6,0.03,1.87,965.23,4.73,2,45,80.0
739,medium,1054.68,93,5,285,4,0.03,3.81,965.18,4.73,7,51,74.19
740,medium,1024.13,82,5,260,4,0.03,2.12,964.84,4.73,4,49,75.61
741,medium,1051.61,83,5,290,3,0.03,2.55,964.8,4.73,3,51,78.31
742,medium,997.31,75,5,270,2,0.03,2.7,964.0,4.73,3,43,78.67
743,medium,1038.48,69,5,310,6,0.03,1.87,963.84,4.73,3,39,84.06
744,medium,1066.73,81,5,290,6,0.03,1.86,964.14,4.73,7,44,75.31
745,medium,1026.16,75,5,290,5,0.03,1.53,969.58,4.75,5,39,82.67
746,medium,469.82,35,3,95,0,0.03,1.03,969.72,4.75,3,22,77.14
747,medium,1079.0,98,5,300,5,0.03,2.47,969.98,4.75,12,50,76.53
748,medium,1057.74,69,5,310,5,0.03,1.73,970.14,4.75,1,50,84.06
749,medium,1029.9,81,5,285,3,0.03,2.43,969.59,4.75,3,43,79.01
750,medium,434.59,37,3,90,0,0.03,0.67,970.07,4.76,3,20,64.86
751,medium,987.29,90,5,290,2,0.03,2.17,969.29,4.76,8,43,73.33
752,medium,1038.01,85,5,225,1,0.03,2.08,972.4,4.77,1,52,77.65
753,medium,301.97,27,2,20,0,0.03,0.74,964.96,4.74,2,16,74.07
754,medium,890.66,87,5,145,0,0.03,2.43,963.71,4.74,5,44,74.71
755,medium,441.55,34,3,105,0,0.03,0.72,963.89,4.74,3,16,73.53
756,medium,1010.94,77,5,290,3,0.03,1.95,963.45,4.74,5,45,79.22
757,medium,1015.72,78,5,310,5,0.03,2.07,962.94,4.74,8,41,82.05
758,medium,812.28,194,4,15,0,0.03,4.91,960.04,4.73,29,51,56.19
759,medium,993.63,69,5,270,4,0.03,1.64,959.29,4.73,3,38,81.16
760,medium,1070.95,74,5,290,6,0.03,1.92,965.36,4.75,4,44,79.73
761,medium,502.09,40,3,95,0,0.03,1.03,959.39,4.73,2,26,75.0
762,medium,997.7,96,5,235,1,0.03,2.53,958.68,4.73,8,50,76.04
763,medium,970.95,65,5,235,3,0.03,1.58,958.15,4.73,1,39,86.15
764,medium,1072.31,75,5,320,5,0.03,1.58,958.81,4.73,1,47,80.0
765,medium,1030.22,81,5,290,2,0.03,2.25,958.63,4.73,3,51,80.25
766,medium,478.32,38,3,85,0,0.03,1.02,953.14,4.71,4,23,68.42
767,medium,1007.81,75,5,290,3,0.03,2.03,958.47,4.73,1,42,81.33
768,medium,1010.02,76,5,250,3,0.03,1.88,958.06,4.73,6,46,78.95
769,medium,854.35,75,5,145,0,0.03,2.19,956.33,4.73,6,38,73.33
770,medium,1079.65,102,5,290,4,0.03,3.48,956.69,4.73,12,45,68.63
771,medium,1050.82,94,5,320,5,0.03,3.32,957.29,4.73,10,46,70.21
772,medium,987.11,70,5,290,4,0.03,1.7,956.94,4.73,4,37,80.0
773,medium,1082.12,83,5,290,4,0.03,2.05,957.44,4.73,3,44,77.11
774,medium,1022.65,74,5,295,2,0.03,1.98,957.35,4.73,4,45,81.08
775,medium,943.1,70,5,250,1,0.03,1.79,956.64,4.73,6,38,85.71
776,medium,1018.76,79,5,270,4,0.03,2.77,956.63,4.73,9,44,74.68
777,medium,504.64,43,3,55,0,0.03,1.85,952.17,4.71,0,26,79.07
778,medium,1025.65,101,5,250,3,0.03,3.31,952.08,4.71,11,53,72.28
779,medium,1005.89,71,5,300,3,0.03,1.97,951.62,4.71,1,44,81.69
780,medium,1008.15,66,5,315,4,0.03,1.67,951.45,4.71,4,42,83.33
781,medium,1051.94,75,5,300,5,0.03,1.61,951.67,4.71,3,45,80.0
782,medium,1029.77,87,5,280,3,0.03,1.99,951.43,4.71,7,46,74.71
783,medium,997.93,80,5,255,6,0.03,1.95,951.41,4.71,18,37,85.0
784,medium,1013.65,84,5,270,2,0.03,2.25,951.38,4.71,2,45,77.38
785,medium,1018.75,80,5,280,3,0.03,1.95,951.64,4.71,8,45,81.25
786,medium,1008.31,86,5,300,4,0.03,2.01,951.47,4.71,6,40,75.58
787,medium,1052.82,78,5,310,3,0.03,1.91,952.19,4.71,0,44,79.49
788,medium,1028.58,88,5,280,2,0.03,2.12,952.49,4.71,6,45,77.27
789,medium,1025.49,64,5,330,4,0.03,2.37,957.15,4.73,4,41,85.94
790,medium,986.86,71,5,295,2,0.03,1.96,956.46,4.73,7,39,85.92
791,medium,979.21,64,5,280,1,0.03,1.78,959.62,4.74,2,40,84.38
792,medium,1009.12,76,5,265,2,0.03,1.9,958.64,4.74,4,44,78.95
793,medium,999.74,75,5,300,2,0.03,2.35,958.01,4.74,7,47,78.67
794,medium,1030.04,71,5,275,2,0.03,1.89,963.72,4.76,1,44,80.28
795,medium,1019.91,79,5,285,3,0.03,1.62,963.03,4.76,5,43,78.48
796,medium,1071.19,71,5,330,6,0.03,1.64,963.22,4.76,3,46,80.28
797,medium,1010.44,76,5,315,3,0.03,2.56,963.27,4.76,12,45,80.26
798,medium,531.05,44,3,85,0,0.03,1.46,957.64,4.74,0,28,75.0
799,medium,1067.74,71,5,350,6,0.03,2.1,958.04,4.74,3,43,80.28
800,medium,1032.07,85,5,280,2,0.03,3.51,958.44,4.74,3,44,76.47
801,medium,983.07,84,5,255,1,0.03,2.21,958.53,4.74,4,42,79.76
802,medium,1075.59,90,5,300,5,0.03,2.25,958.43,4.74,4,52,75.56
803,medium,1007.66,83,5,240,3,0.03,2.27,957.92,4.74,3,45,77.11
804,medium,1061.42,79,5,310,6,0.03,2.47,958.01,4.74,5,48,75.95
805,medium,1012.9,78,5,255,4,0.03,2.06,957.82,4.74,4,41,79.49
806,medium,510.65,41,3,80,0,0.03,0.97,958.14,4.74,1,25,75.61
807,medium,838.17,66,5,160,0,0.03,1.85,956.17,4.74,1,41,81.82
808,medium,1051.41,84,5,265,3,0.03,2.22,956.64,4.74,4,47,75.0
809,medium,484.19,38,3,75,0,0.03,1.04,951.54,4.72,4,21,76.32
810,medium,998.93,77,5,280,3,0.03,2.01,950.7,4.72,7,40,79.22
811,medium,1003.54,64,5,280,4,0.03,1.54,950.65,4.72,2,42,85.94
812,medium,1060.94,89,5,290,4,0.03,2.36,950.85,4.72,9,46,79.78
813,medium,1027.27,75,5,255,3,0.03,1.79,950.43,4.72,1,42,80.0
814,medium,1038.59,74,5,275,4,0.03,1.51,950.15,4.72,4,39,82.43
815,medium,988.44,86,5,275,3,0.03,2.28,955.14,4.74,10,42,73.26
816,medium,982.57,80,5,265,1,0.03,2.08,954.35,4.74,4,46,76.25
817,medium,1015.12,70,5,280,4,0.03,2.14,954.23,4.74,2,44,84.29
818,medium,647.78,59,4,135,0,0.03,1.38,950.02,4.73,11,32,79.66
819,medium,1005.85,84,5,205,1,0.03,1.69,950.05,4.73,0,49,77.38
820,medium,1015.32,95,5,285,3,0.03,2.31,949.42,4.73,17,46,76.84
821,medium,949.18,64,5,255,1,0.03,1.63,948.79,4.73,0,41,85.94
822,medium,987.62,71,5,300,3,0.03,2.09,948.14,4.73,5,38,83.1
823,medium,1017.04,81,5,295,4,0.03,1.77,948.28,4.73,5,47,76.54
824,medium,973.0,71,5,245,2,0.03,1.66,947.17,4.73,5,42,83.1
825,medium,998.56,72,5,320,4,0.03,1.78,946.77,4.73,8,40,79.17
826,medium,1026.62,90,5,315,4,0.03,2.49,946.89,4.73,10,43,71.11
827,medium,650.07,41,4,130,0,0.03,1.04,947.96,4.74,1,28,80.49
828,medium,494.36,47,3,60,0,0.03,1.5,942.34,4.72,3,27,68.09
829,medium,1056.64,76,5,315,5,0.03,1.9,942.59,4.72,2,45,80.26
830,medium,1018.81,74,5,285,3,0.03,2.37,948.46,4.74,2,41,79.73
831,medium,1076.08,80,5,320,5,0.03,2.51,948.55,4.74,4,51,76.25
832,medium,1035.15,78,5,305,4,0.03,2.04,948.75,4.74,6,46,79.49
833,medium,1096.56,88,5,310,6,0.03,1.92,948.52,4.74,4,55,75.0
834,medium,1004.89,66,5,300,2,0.03,1.81,948.08,4.74,2,40,84.85
835,medium,1027.34,72,5,300,4,0.03,1.77,947.65,4.74,6,46,81.94
836,medium,1021.4,66,5,255,4,0.03,1.64,948.35,4.74,4,40,83.33
837,medium,1028.47,74,5,305,4,0.03,2.03,948.53,4.74,2,40,79.73
838,medium,1058.09,99,5,320,4,0.03,2.05,948.39,4.74,7,48,72.73
839,medium,449.18,27,3,70,0,0.03,0.62,942.34,4.72,3,17,85.19
840,medium,1068.86,78,5,270,5,0.03,2.08,942.79,4.72,6,48,76.92
841,medium,1022.03,77,5,265,2,0.03,1.84,942.49,4.72,3,45,79.22
842,medium,500.51,46,3,70,0,0.03,1.09,937.52,4.7,5,26,82.61
843,medium,1036.19,80,5,280,4,0.03,1.87,937.5,4.7,2,45,77.5
844,medium,1031.21,77,5,275,4,0.03,1.66,937.14,4.7,5,45,79.22
845,medium,1049.69,76,5,255,4,0.03,1.79,937.38,4.7,4,45,77.63
846,medium,709.48,68,4,95,0,0.03,1.54,939.78,4.71,5,37,69.12
847,medium,989.24,88,5,300,2,0.03,2.08,938.88,4.71,8,44,72.73
848,medium,1077.53,75,5,300,4,0.03,1.86,939.08,4.71,3,50,80.0
849,medium,980.78,68,5,290,3,0.03,1.64,938.58,4.71,6,39,82.35
850,medium,1028.94,87,5,260,3,0.03,2.09,944.53,4.73,5,42,74.71
851,medium,1033.93,65,5,255,6,0.03,1.63,944.99,4.73,1,41,86.15
852,medium,1037.79,74,5,295,4,0.03,2.03,944.99,4.73,2,44,81.08
853,medium,1038.24,73,5,285,2,0.03,1.35,952.36,4.76,3,49,80.82
854,medium,1064.49,81,5,265,2,0.03,1.96,954.09,4.76,1,49,77.78
855,medium,451.99,39,3,100,0,0.03,0.98,954.2,4.76,3,21,69.23
856,medium,1043.42,76,5,280,4,0.03,1.83,954.52,4.76,2,43,78.95
857,medium,1033.08,73,5,295,4,0.03,2.01,954.7,4.76,1,41,80.82
858,medium,1063.76,74,5,300,5,0.03,1.6,957.21,4.77,2,43,79.73
859,medium,1042.32,70,5,285,4,0.03,1.56,957.7,4.77,2,40,82.86
860,medium,1050.92,72,5,305,4,0.03,1.85,957.5,4.77,2,49,80.56
861,medium,1016.35,77,5,300,2,0.03,2.06,962.64,4.79,3,47,79.22
862,medium,512.31,47,3,70,0,0.03,1.68,957.79,4.77,1,24,72.34
863,medium,996.07,76,5,245,1,0.03,1.95,958.04,4.77,2,45,78.95
864,medium,1058.42,92,5,270,4,0.03,2.68,957.9,4.77,4,44,75.0
865,medium,1031.41,85,5,325,3,0.03,2.79,957.91,4.77,5,46,80.0
866,medium,1057.81,83,5,275,5,0.03,2.22,963.71,4.79,1,49,78.31
867,medium,1090.67,97,5,335,5,0.03,2.1,964.53,4.79,9,54,69.07
868,medium,1000.21,76,5,295,2,0.03,2.1,964.44,4.79,4,47,78.95
869,medium,1029.39,90,5,300,3,0.03,2.68,966.19,4.79,8,47,73.33
870,medium,1024.98,86,5,290,3,0.03,2.01,965.64,4.79,14,46,69.77
871,medium,970.55,69,5,275,3,0.03,1.68,964.84,4.79,7,39,81.16
872,medium,1051.1,85,5,255,4,0.03,2.12,965.48,4.79,7,56,74.12
873,medium,449.32,32,3,105,0,0.03,0.79,959.15,4.77,3,20,68.75
874,medium,1003.66,90,5,235,1,0.03,2.38,958.96,4.77,4,48,73.33
875,medium,1027.45,66,5,335,4,0.03,1.65,959.8,4.77,2,43,83.33
876,medium,1035.04,79,5,275,6,0.03,1.9,959.97,4.77,7,42,74.68
877,medium,971.01,70,5,250,3,0.03,1.61,964.63,4.79,6,41,80.0
878,medium,458.78,31,3,105,0,0.03,0.71,958.96,4.77,1,18,80.65
879,medium,1060.45,80,5,295,5,0.03,2.11,959.51,4.77,2,50,76.25
880,medium,1019.42,81,5,240,2,0.03,2.09,959.62,4.77,1,49,79.01
881,medium,935.92,118,5,265,2,0.03,2.88,958.46,4.77,50,43,82.2
882,medium,1036.46,87,5,275,3,0.03,2.23,958.53,4.77,7,48,75.86
883,medium,1047.21,93,5,310,4,0.03,2.22,959.02,4.77,13,45,72.04
884,medium,949.72,83,5,280,2,0.03,1.96,958.38,4.77,15,39,77.11
885,medium,1038.76,76,5,295,4,0.03,1.66,958.58,4.77,4,45,80.26
886,medium,1043.35,66,5,330,5,0.03,1.65,958.93,4.77,0,44,84.85
887,medium,1006.17,66,5,290,2,0.03,1.61,958.46,4.77,0,42,84.85
888,medium,1007.81,71,5,300,3,0.03,1.69,958.26,4.77,1,44,81.69
889,medium,1053.9,84,5,270,2,0.03,2.09,958.54,4.77,0,45,77.38
890,medium,731.83,139,4,85,0,0.03,2.88,955.99,4.76,28,41,48.2
891,medium,1022.46,74,5,280,3,0.03,2.23,956.42,4.76,6,43,78.38
892,medium,1067.39,85,5,280,4,0.03,2.46,957.0,4.76,3,47,76.47
893,medium,493.7,35,3,80,0,0.03,1.28,951.94,4.74,1,23,80.0
894,medium,1013.66,74,5,280,2,0.03,2.05,951.78,4.74,6,46,81.08
895,medium,997.78,78,5,315,3,0.03,1.7,951.56,4.74,16,41,83.33
896,medium,1093.45,93,5,270,4,0.03,2.66,951.78,4.74,5,52,74.19
897,medium,1061.99,80,5,290,5,0.03,2.21,952.3,4.74,4,43,77.5
898,medium,1025.53,64,5,340,4,0.03,1.59,957.24,4.76,2,41,85.94
899,medium,1091.47,88,5,330,6,0.03,1.6,957.48,4.76,6,52,75.0
900,medium,1023.33,75,5,335,4,0.03,1.69,957.39,4.76,7,44,82.67
901,medium,1067.77,112,5,295,6,0.03,2.81,958.24,4.76,14,51,65.18
902,medium,510.56,46,3,85,0,0.03,1.33,952.59,4.74,2,26,69.57
903,medium,985.61,78,5,275,1,0.03,1.8,952.37,4.74,2,42,78.21
904,medium,1032.95,103,5,275,1,0.03,2.01,952.08,4.74,5,50,69.9
905,medium,1043.93,68,5,275,5,0.03,1.56,952.39,4.74,0,47,83.82
906,medium,874.0,74,5,175,0,0.03,1.93,956.03,4.76,4,48,78.38
907,medium,971.41,94,5,275,4,0.03,2.29,957.36,4.76,10,40,69.15
908,medium,465.32,41,3,100,0,0.03,0.85,951.5,4.74,8,21,73.17
909,medium,874.78,73,5,160,0,0.03,1.72,955.4,4.76,4,42,79.45
910,medium,1056.63,88,5,300,4,0.03,2.18,955.98,4.76,10,44,72.73
911,medium,1039.66,83,5,285,2,0.03,2.23,956.34,4.76,5,51,77.11
912,medium,1022.59,100,5,245,2,0.03,2.9,955.96,4.76,8,45,75.0
913,medium,1065.21,100,5,320,5,0.03,1.96,956.34,4.76,18,48,77.0
914,medium,1041.92,76,5,310,3,0.03,2.0,956.37,4.76,0,46,80.26
915,medium,1017.46,87,5,300,2,0.03,2.07,956.66,4.76,7,49,78.16
916,medium,993.9,79,5,290,2,0.03,1.91,956.78,4.76,7,42,74.68
917,medium,965.05,69,5,245,1,0.03,1.54,956.27,4.76,5,42,81.16
918,medium,1036.89,69,5,320,4,0.03,1.49,960.17,4.77,1,44,82.61
919,medium,996.33,103,5,315,2,0.03,2.66,960.07,4.77,11,45,68.93
920,medium,1002.5,83,5,210,1,0.03,1.92,959.94,4.77,1,45,77.11
921,medium,1047.48,72,5,310,5,0.03,1.6,960.93,4.77,4,43,79.17
922,medium,991.62,71,5,290,2,0.03,1.82,960.97,4.77,5,40,80.28
923,medium,1040.63,73,5,305,3,0.03,2.26,961.2,4.77,3,47,80.82
924,medium,1028.81,68,5,335,4,0.03,1.98,961.76,4.77,2,43,83.82
925,medium,1054.14,82,5,330,5,0.03,2.38,962.32,4.77,8,44,78.05
926,medium,1031.08,106,5,320,4,0.03,2.67,962.36,4.77,12,46,69.81
927,medium,1057.19,91,5,320,4,0.03,2.24,966.43,4.78,9,53,74.73
928,medium,1048.28,80,5,330,6,0.03,1.87,971.97,4.8,8,43,73.75
929,medium,1015.33,74,5,310,3,0.03,1.76,971.56,4.8,4,44,78.38
930,medium,1089.82,83,5,310,5,0.03,1.92,972.27,4.8,3,45,77.11
931,medium,1089.96,77,5,315,5,0.03,1.72,972.41,4.8,1,45,80.52
932,medium,1038.52,71,5,315,4,0.03,2.16,972.44,4.8,5,44,81.69
933,medium,1046.73,72,5,300,4,0.03,2.18,971.94,4.8,2,45,81.94
934,medium,1078.5,90,5,315,4,0.03,2.11,972.68,4.8,8,55,71.11
935,medium,946.83,63,5,260,2,0.03,1.19,971.87,4.8,1,37,85.71
936,medium,1007.18,86,5,255,2,0.03,1.94,971.73,4.8,4,41,74.42
937,medium,1015.32,72,5,265,3,0.03,1.82,971.6,4.8,2,44,83.33
938,medium,1005.58,74,5,280,1,0.03,2.07,971.07,4.8,4,43,79.73
939,medium,974.37,66,5,285,3,0.03,1.62,976.33,4.82,4,38,81.82
940,medium,1050.43,78,5,315,4,0.03,1.55,976.14,4.82,6,46,79.49
941,medium,957.19,84,5,295,1,0.03,1.95,975.49,4.82,14,45,72.62
942,medium,999.55,80,5,290,2,0.03,1.92,980.48,4.84,4,48,76.25
943,medium,996.37,76,5,315,5,0.03,2.17,980.08,4.84,10,37,72.37
944,medium,976.07,78,5,270,1,0.03,1.73,979.53,4.84,4,44,78.21
945,medium,1065.73,64,5,330,4,0.03,1.38,979.69,4.84,0,52,85.94
946,medium,1025.31,86,5,280,2,0.03,2.07,982.85,4.85,6,47,75.58
947,medium,1027.29,71,5,315,4,0.03,1.74,983.23,4.85,3,46,83.1
948,medium,1045.49,82,5,300,3,0.03,2.31,982.91,4.85,4,45,79.27
949,medium,1027.86,81,5,310,4,0.03,1.6,983.38,4.85,7,39,75.31
950,medium,888.87,99,5,120,0,0.03,2.29,981.98,4.85,12,51,65.66
951,medium,1032.69,90,5,280,3,0.03,2.43,981.97,4.85,6,50,72.22
952,medium,1078.74,88,5,315,4,0.03,2.24,982.38,4.85,8,56,76.14
953,medium,1034.35,71,5,280,3,0.03,1.95,982.34,4.85,3,51,80.28
954,medium,509.15,42,3,85,0,0.03,1.16,976.79,4.83,2,31,76.19
955,medium,972.08,64,5,295,3,0.03,2.17,981.99,4.85,6,39,82.81
956,medium,1022.85,74,5,295,4,0.03,2.2,981.78,4.85,6,43,79.73
957,medium,1063.9,73,5,270,4,0.03,1.75,982.09,4.85,1,41,80.82
958,medium,532.39,65,3,55,0,0.03,1.42,976.78,4.83,9,33,61.54
959,medium,1031.94,78,5,300,4,0.03,2.1,976.67,4.83,4,47,76.92
960,medium,466.96,39,3,85,0,0.03,1.03,970.83,4.81,5,21,79.49
961,medium,1066.59,88,5,270,2,0.03,2.4,971.34,4.81,0,53,76.14
962,medium,1031.35,81,5,280,4,0.03,1.95,976.53,4.83,7,49,82.72
963,medium,1086.79,79,5,335,5,0.03,1.64,977.43,4.83,1,50,78.48
964,medium,1048.78,86,5,300,3,0.03,2.28,977.34,4.83,6,49,77.91
965,medium,1057.92,70,5,310,6,0.03,1.76,977.6,4.83,4,46,81.43
966,medium,1044.3,85,5,320,4,0.03,2.52,977.47,4.83,7,47,75.29
967,medium,1011.08,77,5,250,1,0.03,1.84,976.67,4.83,1,47,79.22
968,medium,1011.68,80,5,285,2,0.03,1.72,976.79,4.83,4,46,76.25
969,medium,1042.11,72,5,300,4,0.03,2.2,976.91,4.83,2,43,81.94
970,medium,484.92,36,3,90,0,0.03,0.86,971.51,4.81,2,22,80.56
971,medium,1014.99,77,5,270,3,0.03,2.0,971.96,4.81,3,49,77.92
972,medium,1058.51,87,5,335,5,0.03,2.18,972.03,4.81,9,46,72.41
973,medium,1007.58,76,5,315,4,0.03,1.48,977.61,4.83,8,37,77.63
974,medium,1055.83,94,5,300,4,0.03,2.25,978.13,4.83,12,54,68.09
975,medium,1051.99,88,5,320,3,0.03,2.17,978.38,4.83,4,48,75.0
976,medium,1040.63,79,5,255,4,0.03,2.09,978.44,4.83,5,45,75.95
977,medium,1069.09,91,5,255,3,0.03,1.87,979.42,4.83,1,50,75.82
978,medium,998.76,67,5,310,3,0.03,1.49,984.82,4.85,1,41,83.58
979,medium,1017.62,78,5,310,4,0.03,1.82,984.39,4.85,8,46,73.08
980,medium,1013.85,73,5,270,3,0.03,2.03,984.33,4.85,3,44,80.82
981,medium,999.17,73,5,295,3,0.03,2.32,984.97,4.85,3,42,80.82
982,medium,993.74,77,5,270,1,0.03,1.5,984.54,4.85,3,43,77.92
983,medium,1053.74,80,5,255,4,0.03,1.77,984.6,4.85,6,49,78.75
984,medium,1059.49,72,5,310,5,0.03,2.14,985.7,4.85,4,48,79.17
985,medium,987.74,89,5,265,1,0.03,3.4,985.19,4.85,7,50,75.28
986,medium,1028.74,69,5,265,4,0.03,2.31,985.04,4.85,3,42,82.61
987,medium,1014.54,82,5,280,3,0.03,2.27,985.13,4.85,8,44,79.27
988,medium,1029.31,89,5,275,2,0.03,2.32,985.34,4.85,5,50,74.16
989,medium,1059.21,74,5,260,3,0.03,2.27,985.4,4.85,2,50,81.08
990,medium,987.32,82,5,270,2,0.03,1.87,987.95,4.86,10,42,80.49
991,medium,1108.54,95,5,275,4,0.03,2.07,988.81,4.86,11,62,78.95
992,medium,991.88,80,5,260,2,0.03,2.37,988.06,4.86,6,42,77.5
993,medium,1074.11,70,5,320,6,0.03,1.97,993.86,4.88,2,44,81.43
994,medium,1016.71,75,5,275,3,0.03,2.22,993.89,4.88,3,40,81.33
995,medium,1057.14,76,5,295,4,0.03,2.15,994.49,4.88,4,50,77.63
996,medium,1023.14,76,5,275,3,0.03,2.03,993.78,4.88,6,42,81.58
997,medium,1007.34,72,5,310,2,0.03,1.75,993.24,4.88,4,44,77.78
998,medium,1045.64,67,5,350,5,0.03,1.57,993.44,4.88,1,40,83.58
999,medium,1059.26,103,5,275,4,0.03,2.74,993.11,4.88,15,54,65.05
1000,medium,1065.16,74,5,300,3,0.03,1.69,993.53,4.88,2,50,81.08
